id,first_name,last_name,email,gender,ip_address
1,Jennifer,Yitzhak,jyitzhak0@census.gov,Female,59.248.207.176
2,Hardy,Edginton,hedginton1@ifeng.com,Male,131.233.99.123
3,Ashien,Coo,acoo2@google.com.hk,Female,216.126.184.246
4,Julian,Findlater,jfindlater3@cam.ac.uk,Male,226.217.222.31
5,Kyle,Charley,kcharley4@telegraph.co.uk,Male,44.150.232.172
6,Damita,Pagan,dpagan5@domainmarket.com,Female,145.109.66.127
7,Malcolm,Pape,mpape6@qq.com,Male,131.221.238.98
8,Allin,Lawry,alawry7@salon.com,Male,73.190.190.4
9,Alfons,Hurdiss,ahurdiss8@economist.com,Male,57.12.23.166
10,Killy,Lartice,klartice9@skype.com,Male,211.179.245.141
11,Isidro,Sturrock,isturrocka@gmpg.org,Male,64.138.26.77
12,Josie,Rasmus,jrasmusb@1und1.de,Female,162.98.46.176
13,Ophelie,Weedon,oweedonc@wufoo.com,Female,128.201.209.175
14,Toddie,Kernley,tkernleyd@wunderground.com,Male,39.134.97.230
15,Valentina,Tomaszewicz,vtomaszewicze@ning.com,Female,110.148.19.87
16,Idell,Sherwyn,isherwynf@quantcast.com,Female,158.98.132.184
17,Eben,Maskew,emaskewg@shareasale.com,Male,209.244.58.108
18,Kimberley,Yarranton,kyarrantonh@nyu.edu,Female,233.201.212.148
19,Karol,Rowell,krowelli@mozilla.com,Female,0.225.42.191
20,Mireielle,Diwell,mdiwellj@biglobe.ne.jp,Female,176.250.9.134
21,Avrit,Caseri,acaserik@rediff.com,Female,245.249.170.51
22,Lanny,Rozenzweig,lrozenzweigl@edublogs.org,Female,71.59.45.144
23,Carmon,Lohering,cloheringm@theglobeandmail.com,Female,85.209.57.213
24,Kora,Hould,khouldn@fema.gov,Female,19.229.190.29
25,Yoshi,Melluish,ymelluisho@xing.com,Female,30.19.131.86
26,Jeth,Tomsa,jtomsap@shop-pro.jp,Male,50.46.191.41
27,Faythe,Thorpe,fthorpeq@seattletimes.com,Female,250.37.153.66
28,Megen,Vanyashkin,mvanyashkinr@dion.ne.jp,Female,166.212.159.30
29,Elvina,Castelin,ecastelins@samsung.com,Female,91.227.30.236
30,Nannie,Ruhben,nruhbent@marriott.com,Female,91.4.210.145
31,Karolina,Eversfield,keversfieldu@xrea.com,Female,150.101.61.191
32,Dawna,Cuvley,dcuvleyv@jimdo.com,Female,150.18.43.129
33,Gaspard,Beach,gbeachw@arizona.edu,Male,43.68.42.92
34,Adel,Munson,amunsonx@si.edu,Female,181.47.121.157
35,Lindsey,Pilmoor,lpilmoory@tiny.cc,Female,202.192.131.224
36,Phillipp,Birtwisle,pbirtwislez@time.com,Male,254.29.209.153
37,Garrett,Headley,gheadley10@pbs.org,Male,38.50.129.75
38,Ambrosius,Shepperd,ashepperd11@sun.com,Male,114.108.120.249
39,Marven,Lemanu,mlemanu12@bloglovin.com,Male,176.227.210.138
40,Wendel,Abley,wabley13@unicef.org,Male,230.114.147.25